page	next_page	direction	sequence_chars	sequence	note
74	75	rhwp_earlier_than_reference	22	자에대한정보를관리하기위한자동화시스템을유지	candidate only; PDF visual owner review required
108	109	rhwp_earlier_than_reference	18	하고의료적사항에관한이해를갖추어야함	candidate only; PDF visual owner review required
109	110	rhwp_earlier_than_reference	39	의의학적적격성을판단하는위치에놓여져있지않으며이들의의료기록에대해접근할수없음	candidate only; PDF visual owner review required
131	132	rhwp_earlier_than_reference	28	한경우에는적어도본적지가동일한지를공적증명서로확인하여야	candidate only; PDF visual owner review required
131	132	rhwp_earlier_than_reference	16	원회가관련자료를검토하여확인함.	candidate only; PDF visual owner review required
168	169	rhwp_later_than_reference	47	지이식센터에서장기기증받을것인지결정종양학자의조언을구할수있음.이식대상자로부터설명동의를구함	candidate only; PDF visual owner review required
172	173	rhwp_later_than_reference	93	.Transplantation.1999;67(9):S548.220)MarcosA.Rightlobelivingdonorlivertransplantation:Areview	candidate only; PDF visual owner review required
172	173	rhwp_later_than_reference	46	ticlobewithoutmiddlehepaticvein.Hepato-gastroe	candidate only; PDF visual owner review required
172	173	rhwp_later_than_reference	19	T-f,YanL-n,LiB.Safe	candidate only; PDF visual owner review required
